<?xml version="1.0"?>
<!--
/**
 * BSS Commerce Co.
 *
 * NOTICE OF LICENSE
 *
 * This source file is subject to the EULA
 * that is bundled with this package in the file LICENSE.txt.
 * It is also available through the world-wide-web at this URL:
 * http://bsscommerce.com/Bss-Commerce-License.txt
 *
 * @category   BSS
 * @package    Bss_Quickview
 * @author     Extension Team
 * @copyright  Copyright (c) 2019-2020 BSS Commerce Co. ( http://bsscommerce.com )
 * @license    http://bsscommerce.com/Bss-Commerce-License.txt
 */
-->
<config xmlns:xsi="http://www.w3.org/2001/XMLSchema-instance" xsi:noNamespaceSchemaLocation="urn:magento:module:Magento_Config:etc/system_file.xsd">
    <system>
        <tab id="bss" translate="label" sortOrder="300">
            <label> <![CDATA[Bss Commerce]]></label>
        </tab>

        <section id="bss_quickview" translate="label" type="text" sortOrder="10" showInDefault="1" showInWebsite="1" showInStore="1">
            <label>AJAX Quick View</label>
            <tab>bss</tab>
            <resource>Bss_Quickview::bss_quickview</resource>
            <group id="general" translate="label" type="text" sortOrder="10" showInDefault="1" showInWebsite="1" showInStore="1">
                <label>General</label>
                <field id="enable_product_listing" translate="label" type="select" sortOrder="0" showInDefault="1" showInWebsite="1" showInStore="1">
                    <label>Enable</label>
                    <source_model>Magento\Config\Model\Config\Source\Yesno</source_model>
                    <comment><![CDATA[Version 1.1.0<br/>Choose 'yes' to enable module.]]></comment>
                </field>
                <field id="remove_product_tab" translate="label" type="select" sortOrder="20" showInDefault="1" showInWebsite="1" showInStore="1">
                    <label>Show Additional Infomation</label>
                    <source_model>Magento\Config\Model\Config\Source\Yesno</source_model>
                </field>
                <field id="enable_goto_product_button" translate="label" type="select" sortOrder="50" showInDefault="1" showInWebsite="1" showInStore="1">
                    <label>Show Go To Product Link</label>
                    <source_model>Magento\Config\Model\Config\Source\Yesno</source_model>
                </field>
                <field id="remove_reviews" translate="label" type="select" sortOrder="20" showInDefault="1" showInWebsite="1" showInStore="1">
                    <label>Show Reviews and Ratings</label>
                    <source_model>Magento\Config\Model\Config\Source\Yesno</source_model>
                </field>
                <field id="remove_addto_compare" translate="label" type="select" sortOrder="20" showInDefault="1" showInWebsite="1" showInStore="1">
                    <label>Show add to compare</label>
                    <source_model>Magento\Config\Model\Config\Source\Yesno</source_model>
                </field>
                <field id="remove_addto_wishlist" translate="label" type="select" sortOrder="20" showInDefault="1" showInWebsite="1" showInStore="1">
                    <label>Show add to wishlist</label>
                    <source_model>Magento\Config\Model\Config\Source\Yesno</source_model>
                </field>
                <field id="remove_product_related" translate="label" type="select" sortOrder="20" showInDefault="1" showInWebsite="1" showInStore="1">
                    <label>Show Related Product Block</label>
                    <source_model>Magento\Config\Model\Config\Source\Yesno</source_model>
                </field>
                <field id="remove_product_upsell" translate="label" type="select" sortOrder="20" showInDefault="1" showInWebsite="1" showInStore="1">
                    <label>Show Up-sell Product Block</label>
                    <source_model>Magento\Config\Model\Config\Source\Yesno</source_model>
                </field>
                <field id="remove_product_info_mailto" translate="label" type="select" sortOrder="20" showInDefault="1" showInWebsite="1" showInStore="1">
                    <label>Show mail-to</label>
                    <source_model>Magento\Config\Model\Config\Source\Yesno</source_model>
                </field>
            </group>
            <group id="success_popup_design" translate="label" type="text" sortOrder="30" showInDefault="10" showInWebsite="1" showInStore="1">
                <label>Quick View Popup Design</label>
                <field id="button_text_color" translate="label" type="text" sortOrder="10" showInDefault="1" showInWebsite="1" showInStore="1">
                    <label>Button text color</label>
                    <validate>color</validate>
                </field>
                <field id="button_text" translate="label" type="text" sortOrder="20" showInDefault="1" showInWebsite="1" showInStore="1">
                    <label>Button text</label>
                </field>
                <field id="background_color" translate="label" type="text" sortOrder="30" showInDefault="1" showInWebsite="1" showInStore="1">
                    <label>Button color</label>
                    <validate>color</validate>
                </field>
            </group>
            <group id="seting_theme" translate="label" type="text" sortOrder="40" showInDefault="10" showInWebsite="1" showInStore="1">
                <label>Setting For Theme</label>
                <field id="product_item_info" translate="label" type="text" sortOrder="0" showInDefault="1" showInWebsite="1" showInStore="1">
                    <label>Product Item Info Class</label>
                    <comment><![CDATA[Default Magento 2 is: product-item-info]]></comment>
                </field>
                <field id="product_image_wrapper" translate="label" type="text" sortOrder="1" showInDefault="1" showInWebsite="1" showInStore="1">
                    <label>Product Image Wrapper Class</label>
                    <comment><![CDATA[Default Magento 2 is: product-image-wrapper]]></comment>
                </field>
            </group>
        </section>
    </system>
</config>
